metric_family,source_name,task_name,model_id,comparison_split,n_pairs,seed_count,hidden_dim_count,standard_test_n_median,comparison_test_n_median,mean_delta,median_delta,sd_delta,sem_delta,seed_t_ci95_low,seed_t_ci95_high,bootstrap_ci95_low,bootstrap_ci95_high,positive_delta_n,negative_delta_n,zero_delta_n,sign_consistency,sign_test_p,ci_available,ci_excludes_zero,uncertainty_status,direction
bace_tox21_sequence,moleculenet,BACE,smiles_cnn,density_matched_clean,40,20,2,1265.0,123.0,0.0293128546040576,0.0286513922640487,0.019368253111175,0.0030623897064977,0.0231237650072256,0.0355019442008896,0.0234286578507067,0.0351068185021592,38,2,0,0.95,1.4933903003111482e-09,True,True,repeated_ci_available,standard_higher
bace_tox21_sequence,moleculenet,BACE,smiles_cnn,exact_removed,40,20,2,1265.0,882.0,0.0414879530077778,0.0413432781267047,0.0050666886613312,0.0008011138182378,0.0398689019811191,0.0431070040344364,0.03996179742769,0.0430383895821658,40,0,0,1.0,1.8189894035458565e-12,True,True,repeated_ci_available,standard_higher
bace_tox21_sequence,moleculenet,BACE,smiles_cnn,nn08_removed,40,20,2,1265.0,755.0,0.0476908236123516,0.0473513679972756,0.0069696897064941,0.0011020047028576,0.0454636721078764,0.0499179751168268,0.0456006939609812,0.0498574430030621,40,0,0,1.0,1.8189894035458565e-12,True,True,repeated_ci_available,standard_higher
bace_tox21_sequence,moleculenet,BACE,smiles_cnn,scaffold_removed,40,20,2,1265.0,719.0,0.0517180307893787,0.0506992845410378,0.0076733452858833,0.0012132624188153,0.0492660274409528,0.0541700341378045,0.0494587226745895,0.0541515890858086,40,0,0,1.0,1.8189894035458565e-12,True,True,repeated_ci_available,standard_higher
bace_tox21_sequence,moleculenet,BACE,smiles_gru,density_matched_clean,40,20,2,1265.0,123.0,0.023165409578831,0.0239882586892322,0.0681582889186454,0.0107767717201367,0.0013855539324346,0.0449452652252273,0.0027224453224105,0.0448754807480033,25,15,0,0.625,0.1538599441628321,True,True,repeated_ci_available,standard_higher
bace_tox21_sequence,moleculenet,BACE,smiles_gru,exact_removed,40,20,2,1265.0,882.0,0.0214577041387312,0.0206898356492025,0.01080617454408,0.0017086062176312,0.0180046109728984,0.0249107973045639,0.0181517150996914,0.0246904185128919,39,1,0,0.975,7.457856554538012e-11,True,True,repeated_ci_available,standard_higher
bace_tox21_sequence,moleculenet,BACE,smiles_gru,nn08_removed,40,20,2,1265.0,755.0,0.0291921465298794,0.0282905339404325,0.0146896278728696,0.0023226341029281,0.0244981030078616,0.0338861900518971,0.0246213702070241,0.0336834648867655,40,0,0,1.0,1.8189894035458565e-12,True,True,repeated_ci_available,standard_higher
bace_tox21_sequence,moleculenet,BACE,smiles_gru,scaffold_removed,40,20,2,1265.0,719.0,0.0330943194305441,0.0323682085642682,0.0174956677966714,0.002766307971157,0.0275036110208356,0.0386850278402525,0.0278040746497739,0.0384618342978745,40,0,0,1.0,1.8189894035458565e-12,True,True,repeated_ci_available,standard_higher
bace_tox21_sequence,moleculenet,BACE,smiles_transformer,density_matched_clean,40,20,2,1265.0,123.0,0.1538693819509188,0.1515928631714445,0.0466718847959217,0.0073794729324047,0.1389554671545287,0.1687832967473088,0.1394118102043606,0.1684911302815944,40,0,0,1.0,1.8189894035458565e-12,True,True,repeated_ci_available,standard_higher
bace_tox21_sequence,moleculenet,BACE,smiles_transformer,exact_removed,40,20,2,1265.0,882.0,-0.0149608785833155,-0.0140458596792566,0.0139741225385236,0.0022095027762014,-0.0194262836940186,-0.0104954734726124,-0.0193162674902136,-0.0108095875541917,6,34,0,0.85,8.364584573428147e-06,True,True,repeated_ci_available,comparison_higher
bace_tox21_sequence,moleculenet,BACE,smiles_transformer,nn08_removed,40,20,2,1265.0,755.0,-0.0387395106672615,-0.0368912724448023,0.0165174705271149,0.0026116414025192,-0.0440176379417529,-0.03346138339277,-0.0439187821714626,-0.0337739628927946,0,40,0,1.0,1.8189894035458565e-12,True,True,repeated_ci_available,comparison_higher
bace_tox21_sequence,moleculenet,BACE,smiles_transformer,scaffold_removed,40,20,2,1265.0,719.0,-0.044701776428187,-0.0442763734758426,0.0171835173548253,0.0027169526527139,-0.0501927377393219,-0.039210815117052,-0.0501233568248404,-0.0395502591650182,0,40,0,1.0,1.8189894035458565e-12,True,True,repeated_ci_available,comparison_higher
bace_tox21_sequence,moleculenet,Tox21,smiles_cnn,density_matched_clean,40,20,2,1452.0,100.0,0.3537969485817405,0.356797611555161,0.0843406174815239,0.0133354225253314,0.3268460596580456,0.3807478375054355,0.3277038253501557,0.3798254587533508,40,0,0,1.0,1.8189894035458565e-12,True,True,repeated_ci_available,standard_higher
bace_tox21_sequence,moleculenet,Tox21,smiles_cnn,exact_removed,40,20,2,1452.0,100.0,0.3537969485817405,0.356797611555161,0.0843406174815239,0.0133354225253314,0.3268460596580456,0.3807478375054355,0.3280216544931748,0.3792242207979234,40,0,0,1.0,1.8189894035458565e-12,True,True,repeated_ci_available,standard_higher
bace_tox21_sequence,moleculenet,Tox21,smiles_cnn,nn08_removed,40,20,2,1452.0,56.0,0.5064273765729933,0.5220317023350594,0.1176588069041182,0.0186034908297479,0.4688297216060728,0.5440250315399138,0.4698263495657584,0.5425438374667523,40,0,0,1.0,1.8189894035458565e-12,True,True,repeated_ci_available,standard_higher
bace_tox21_sequence,moleculenet,Tox21,smiles_cnn,scaffold_removed,40,20,2,1452.0,379.0,0.2079113337922446,0.2124480015029391,0.034494586988602,0.0054540730915395,0.1968886520742431,0.218934015510246,0.1970966933969508,0.2180109671374684,40,0,0,1.0,1.8189894035458565e-12,True,True,repeated_ci_available,standard_higher
bace_tox21_sequence,moleculenet,Tox21,smiles_gru,density_matched_clean,40,20,2,1452.0,100.0,0.0056125685540069,0.0193837096848557,0.1102330539183662,0.0174293761909093,-0.0296122007278207,0.0408373378358346,-0.0275375297717745,0.0399339482178041,24,16,0,0.6,0.2681872510547691,True,False,repeated_ci_available,standard_higher
bace_tox21_sequence,moleculenet,Tox21,smiles_gru,exact_removed,40,20,2,1452.0,100.0,0.0056125685540069,0.0193837096848557,0.1102330539183662,0.0174293761909093,-0.0296122007278207,0.0408373378358346,-0.0274295822077783,0.0403214860857979,24,16,0,0.6,0.2681872510547691,True,False,repeated_ci_available,standard_higher
bace_tox21_sequence,moleculenet,Tox21,smiles_gru,nn08_removed,40,20,2,1452.0,56.0,-0.1284080500026941,-0.1964136488545131,0.1699272627566889,0.0268678593434519,-0.1827079937358105,-0.0741081062695776,-0.1741387329230121,-0.0708636458542535,5,35,0,0.875,1.382612026645802e-06,True,True,repeated_ci_available,comparison_higher
bace_tox21_sequence,moleculenet,Tox21,smiles_gru,scaffold_removed,40,20,2,1452.0,379.0,0.2803085275374128,0.2698907343627045,0.0531009106315747,0.0083959911712413,0.2633402293803341,0.2972768256944916,0.2642875875982162,0.296995383364025,40,0,0,1.0,1.8189894035458565e-12,True,True,repeated_ci_available,standard_higher
bace_tox21_sequence,moleculenet,Tox21,smiles_transformer,density_matched_clean,40,20,2,1452.0,100.0,0.2341565558822434,0.2471441408462544,0.1192364644366938,0.0188529403882809,0.1960547633575277,0.2722583484069591,0.1973738324826053,0.2694793821260847,39,1,0,0.975,7.457856554538012e-11,True,True,repeated_ci_available,standard_higher
bace_tox21_sequence,moleculenet,Tox21,smiles_transformer,exact_removed,40,20,2,1452.0,100.0,0.2341565558822434,0.2471441408462544,0.1192364644366938,0.0188529403882809,0.1960547633575277,0.2722583484069591,0.1971704191647368,0.2687519789562181,39,1,0,0.975,7.457856554538012e-11,True,True,repeated_ci_available,standard_higher
bace_tox21_sequence,moleculenet,Tox21,smiles_transformer,nn08_removed,40,20,2,1452.0,56.0,0.1244002297341647,0.1785465517832563,0.2383631100535169,0.0376885168965246,0.0482317370862883,0.200568722382041,0.0497560972622937,0.1981096034636466,28,12,0,0.7,0.0165890033749747,True,True,repeated_ci_available,standard_higher
bace_tox21_sequence,moleculenet,Tox21,smiles_transformer,scaffold_removed,40,20,2,1452.0,379.0,0.2370807110175872,0.237829391047427,0.0940553514247831,0.0148714568314938,0.207025496761138,0.2671359252740363,0.2086036015577434,0.265054427941976,39,1,0,0.975,7.457856554538012e-11,True,True,repeated_ci_available,standard_higher
