source_name,task_name,model_id,split_name,hidden_dim,seeds,test_n,auroc_mean,auroc_std,auprc_mean,auprc_std,balanced_accuracy_mean,balanced_accuracy_std,exposure_delta_mean,exposure_delta_std,scaffold_exposure_delta_mean,scaffold_exposure_delta_std,nn06_exposure_delta_mean,nn06_exposure_delta_std,nn07_exposure_delta_mean,nn07_exposure_delta_std,nn08_exposure_delta_mean,nn08_exposure_delta_std,nn09_exposure_delta_mean,nn09_exposure_delta_std,density_matched_delta_mean,density_matched_delta_std,temporal_drop_mean,temporal_drop_std,runtime_sec_mean,runtime_sec_std
chembl_bioactivity,hERG_pchembl5_temporal,smiles_gru,density_matched_clean,128,10,224,0.9844722693831354,0.0067578745665288,0.9955563192907826,0.0032338078833001,0.9359649122807016,0.0121311363078395,-0.087449605584826,0.0141080163250112,-0.0824144558771471,0.0155414350324449,,,,,-0.0824144558771471,0.0155414350324449,,,-0.087449605584826,0.0141080163250112,0.2813804594380362,0.0438663807537969,609.5113,87.82344357977547
chembl_bioactivity,hERG_pchembl5_temporal,smiles_gru,density_matched_clean,256,10,224,0.9880942275042444,0.0052691684299529,0.9972390924374196,0.0013337969952951,0.9464912280701754,0.0174061493741649,-0.0904620377397517,0.00689077622609,-0.0868759238257709,0.0064216781973461,,,,,-0.0868759238257709,0.0064216781973461,,,-0.0904620377397517,0.00689077622609,0.2833258695707029,0.0533081176915851,624.4349,41.08786497118095
chembl_bioactivity,hERG_pchembl5_temporal,smiles_gru,exact_removed,128,10,224,0.9844722693831354,0.0067578745665288,0.9955563192907826,0.0032338078833001,0.9359649122807016,0.0121311363078395,-0.087449605584826,0.0141080163250112,-0.0824144558771471,0.0155414350324449,,,,,-0.0824144558771471,0.0155414350324449,,,-0.087449605584826,0.0141080163250112,0.2813804594380362,0.0438663807537969,583.7508,142.3508087148085
chembl_bioactivity,hERG_pchembl5_temporal,smiles_gru,exact_removed,256,10,224,0.9880942275042444,0.0052691684299529,0.9972390924374196,0.0013337969952951,0.9464912280701754,0.0174061493741649,-0.0904620377397517,0.00689077622609,-0.0868759238257709,0.0064216781973461,,,,,-0.0868759238257709,0.0064216781973461,,,-0.0904620377397517,0.00689077622609,0.2833258695707029,0.0533081176915851,653.0537999999999,1.4865979819709365
chembl_bioactivity,hERG_pchembl5_temporal,smiles_gru,nn08_removed,128,10,165,0.9794371196754564,0.0083782350066139,0.99390434851633,0.0043035212154569,0.9269523326572008,0.0106238230207143,-0.087449605584826,0.0141080163250112,-0.0824144558771471,0.0155414350324449,,,,,-0.0824144558771471,0.0155414350324449,,,-0.087449605584826,0.0141080163250112,0.2813804594380362,0.0438663807537969,599.2353,137.4951826705576
chembl_bioactivity,hERG_pchembl5_temporal,smiles_gru,nn08_removed,256,10,165,0.9845081135902636,0.007210313203528,0.9962420388732024,0.0019065648212275,0.939642494929006,0.0211087887948059,-0.0904620377397517,0.00689077622609,-0.0868759238257709,0.0064216781973461,,,,,-0.0868759238257709,0.0064216781973461,,,-0.0904620377397517,0.00689077622609,0.2833258695707029,0.0533081176915851,645.4404000000001,16.871883648247454
chembl_bioactivity,hERG_pchembl5_temporal,smiles_gru,scaffold_removed,128,10,165,0.9794371196754564,0.0083782350066139,0.99390434851633,0.0043035212154569,0.9269523326572008,0.0106238230207143,-0.087449605584826,0.0141080163250112,-0.0824144558771471,0.0155414350324449,,,,,-0.0824144558771471,0.0155414350324449,,,-0.087449605584826,0.0141080163250112,0.2813804594380362,0.0438663807537969,598.6433,130.60683548884415
chembl_bioactivity,hERG_pchembl5_temporal,smiles_gru,scaffold_removed,256,10,165,0.9845081135902636,0.007210313203528,0.9962420388732024,0.0019065648212275,0.939642494929006,0.0211087887948059,-0.0904620377397517,0.00689077622609,-0.0868759238257709,0.0064216781973461,,,,,-0.0868759238257709,0.0064216781973461,,,-0.0904620377397517,0.00689077622609,0.2833258695707029,0.0533081176915851,652.7921,3.0343296607323373
chembl_bioactivity,hERG_pchembl5_temporal,smiles_gru,standard,128,10,1200,0.8970226637983092,0.0118682091730596,0.985540304533168,0.0023517075732033,0.800588768115942,0.0109832334065521,-0.087449605584826,0.0141080163250112,-0.0824144558771471,0.0155414350324449,,,,,-0.0824144558771471,0.0155414350324449,,,-0.087449605584826,0.0141080163250112,0.2813804594380362,0.0438663807537969,605.1800999999999,93.4594960851491
chembl_bioactivity,hERG_pchembl5_temporal,smiles_gru,standard,256,10,1200,0.897632189764493,0.009045071728046,0.9846122333957096,0.0017429242849501,0.8059329710144928,0.0140288935704108,-0.0904620377397517,0.00689077622609,-0.0868759238257709,0.0064216781973461,,,,,-0.0868759238257709,0.0064216781973461,,,-0.0904620377397517,0.00689077622609,0.2833258695707029,0.0533081176915851,650.8244,4.837298733797596
chembl_bioactivity,hERG_pchembl5_temporal,smiles_gru,temporal_future,128,10,1146,0.6156422043602731,0.04117297917648,0.882773956478856,0.0162242615259834,0.5174438449680687,0.035100811838034,-0.087449605584826,0.0141080163250112,-0.0824144558771471,0.0155414350324449,,,,,-0.0824144558771471,0.0155414350324449,,,-0.087449605584826,0.0141080163250112,0.2813804594380362,0.0438663807537969,659.2443,31.040617204076323
chembl_bioactivity,hERG_pchembl5_temporal,smiles_gru,temporal_future,256,10,1146,0.6143063201937898,0.0554690487719501,0.8807434024546514,0.0201494592813795,0.5288548777802247,0.0365290945989746,-0.0904620377397517,0.00689077622609,-0.0868759238257709,0.0064216781973461,,,,,-0.0868759238257709,0.0064216781973461,,,-0.0904620377397517,0.00689077622609,0.2833258695707029,0.0533081176915851,660.2589999999999,6.406136011668805
chembl_bioactivity,CYP2D6_pchembl5_temporal,smiles_cnn,density_matched_clean,128,10,49,0.6936111111111111,0.1132778322707078,0.955792278719897,0.0232532370305651,0.4944444444444444,0.0055555555555555,0.1469876854727397,0.1111329426301091,0.1185987965838508,0.0828767935548726,,,,,0.1330987965838508,0.1110475643920352,,,0.1469876854727397,0.1111329426301091,0.2997791995142538,0.0587515871046589,194.9684,50.25200595438952
chembl_bioactivity,CYP2D6_pchembl5_temporal,smiles_cnn,density_matched_clean,256,10,49,0.7588888888888888,0.1070637862257246,0.964523066939986,0.0200728550552304,0.5047222222222223,0.0403313819546314,0.0791757462042788,0.1038411354159928,0.0654932065217391,0.0837230000330556,,,,,0.0618146350931676,0.1104572578332738,,,0.0791757462042788,0.1038411354159928,0.2788842321627648,0.0674183939211329,214.8025,7.785357541564807
chembl_bioactivity,CYP2D6_pchembl5_temporal,smiles_cnn,exact_removed,128,10,49,0.6936111111111111,0.1132778322707078,0.955792278719897,0.0232532370305651,0.4944444444444444,0.0055555555555555,0.1469876854727397,0.1111329426301091,0.1185987965838508,0.0828767935548726,,,,,0.1330987965838508,0.1110475643920352,,,0.1469876854727397,0.1111329426301091,0.2997791995142538,0.0587515871046589,207.4732,21.34508805228969
chembl_bioactivity,CYP2D6_pchembl5_temporal,smiles_cnn,exact_removed,256,10,49,0.7588888888888888,0.1070637862257246,0.964523066939986,0.0200728550552304,0.5047222222222223,0.0403313819546314,0.0791757462042788,0.1038411354159928,0.0654932065217391,0.0837230000330556,,,,,0.0618146350931676,0.1104572578332738,,,0.0791757462042788,0.1038411354159928,0.2788842321627648,0.0674183939211329,203.4336,30.02115415236396
chembl_bioactivity,CYP2D6_pchembl5_temporal,smiles_cnn,nn08_removed,128,10,34,0.7075,0.1130050392190051,0.9383715389661544,0.0314725363687051,0.5,0.0,0.1469876854727397,0.1111329426301091,0.1185987965838508,0.0828767935548726,,,,,0.1330987965838508,0.1110475643920352,,,0.1469876854727397,0.1111329426301091,0.2997791995142538,0.0587515871046589,205.4758,23.488790385202897
chembl_bioactivity,CYP2D6_pchembl5_temporal,smiles_cnn,nn08_removed,256,10,34,0.77625,0.1136522779260397,0.9497247854465252,0.0305971156308083,0.5125,0.0375,0.0791757462042788,0.1038411354159928,0.0654932065217391,0.0837230000330556,,,,,0.0618146350931676,0.1104572578332738,,,0.0791757462042788,0.1038411354159928,0.2788842321627648,0.0674183939211329,218.3529,2.1557646184126864
chembl_bioactivity,CYP2D6_pchembl5_temporal,smiles_cnn,scaffold_removed,128,10,40,0.722,0.0849206111852807,0.9384127267362368,0.0274668749776576,0.5871428571428571,0.0076930925816207,0.1469876854727397,0.1111329426301091,0.1185987965838508,0.0828767935548726,,,,,0.1330987965838508,0.1110475643920352,,,0.1469876854727397,0.1111329426301091,0.2997791995142538,0.0587515871046589,197.1872,35.73131166302183
chembl_bioactivity,CYP2D6_pchembl5_temporal,smiles_cnn,scaffold_removed,256,10,40,0.7725714285714285,0.086766870382182,0.9479397124022348,0.0269769052640001,0.5914285714285714,0.0272554057547698,0.0791757462042788,0.1038411354159928,0.0654932065217391,0.0837230000330556,,,,,0.0618146350931676,0.1104572578332738,,,0.0791757462042788,0.1038411354159928,0.2788842321627648,0.0674183939211329,218.4406,2.098233504641464
chembl_bioactivity,CYP2D6_pchembl5_temporal,smiles_cnn,standard,128,10,1200,0.840598796583851,0.0039019737115453,0.9355309451579876,0.002789711646841,0.7405201863354037,0.0141593047682298,0.1469876854727397,0.1111329426301091,0.1185987965838508,0.0828767935548726,,,,,0.1330987965838508,0.1110475643920352,,,0.1469876854727397,0.1111329426301091,0.2997791995142538,0.0587515871046589,193.5736,40.93758312895376
chembl_bioactivity,CYP2D6_pchembl5_temporal,smiles_cnn,standard,256,10,1200,0.8380646350931678,0.0043157495995512,0.9328923385816495,0.0033541695045693,0.7426475155279504,0.0088104562430926,0.0791757462042788,0.1038411354159928,0.0654932065217391,0.0837230000330556,,,,,0.0618146350931676,0.1104572578332738,,,0.0791757462042788,0.1038411354159928,0.2788842321627648,0.0674183939211329,210.647,15.29094320177797
chembl_bioactivity,CYP2D6_pchembl5_temporal,smiles_cnn,temporal_future,128,10,281,0.540819597069597,0.0600275467444631,0.9768174028537197,0.0042047507309964,0.5331959706959707,0.0277881744689086,0.1469876854727397,0.1111329426301091,0.1185987965838508,0.0828767935548726,,,,,0.1330987965838508,0.1110475643920352,,,0.1469876854727397,0.1111329426301091,0.2997791995142538,0.0587515871046589,229.4445,39.04518980425117
chembl_bioactivity,CYP2D6_pchembl5_temporal,smiles_cnn,temporal_future,256,10,281,0.5591804029304029,0.0641964620046069,0.978716550745613,0.0043152849348651,0.5392399267399268,0.0146302494018619,0.0791757462042788,0.1038411354159928,0.0654932065217391,0.0837230000330556,,,,,0.0618146350931676,0.1104572578332738,,,0.0791757462042788,0.1038411354159928,0.2788842321627648,0.0674183939211329,254.0045,10.786642167514412
chembl_bioactivity,hERG_pchembl5_temporal,smiles_cnn,density_matched_clean,128,10,224,0.9949844368986982,0.0022119436046928,0.9989167485888848,0.0005616760091894,0.9573995472552348,0.0118794033780009,-0.0973852709868626,0.009672548653361,-0.095326797577008,0.0102112387312776,,,,,-0.095326797577008,0.0102112387312776,,,-0.0973852709868626,0.009672548653361,0.1996056072243219,0.0558919694478887,222.0077,4.175334718319
chembl_bioactivity,hERG_pchembl5_temporal,smiles_cnn,density_matched_clean,256,10,224,0.9946165817770232,0.0026603740246127,0.9988021894591098,0.0006647792175385,0.9558432371250708,0.0051935729310641,-0.1067948350982792,0.0051990643565649,-0.1049267320230816,0.0049287704690206,,,,,-0.1049267320230816,0.0049287704690206,,,-0.1067948350982792,0.0051990643565649,0.1731407843356477,0.0465754733660675,222.9483,8.47058177517932
chembl_bioactivity,hERG_pchembl5_temporal,smiles_cnn,exact_removed,128,10,224,0.9949844368986982,0.0022119436046928,0.9989167485888848,0.0005616760091894,0.9573995472552348,0.0118794033780009,-0.0973852709868626,0.009672548653361,-0.095326797577008,0.0102112387312776,,,,,-0.095326797577008,0.0102112387312776,,,-0.0973852709868626,0.009672548653361,0.1996056072243219,0.0558919694478887,211.7032,18.07255976778055
chembl_bioactivity,hERG_pchembl5_temporal,smiles_cnn,exact_removed,256,10,224,0.9946165817770232,0.0026603740246127,0.9988021894591098,0.0006647792175385,0.9558432371250708,0.0051935729310641,-0.1067948350982792,0.0051990643565649,-0.1049267320230816,0.0049287704690206,,,,,-0.1049267320230816,0.0049287704690206,,,-0.1067948350982792,0.0051990643565649,0.1731407843356477,0.0465754733660675,217.9956,11.33383050164418
chembl_bioactivity,hERG_pchembl5_temporal,smiles_cnn,nn08_removed,128,10,165,0.992925963488844,0.0029902744308061,0.9984055893767522,0.0007816252198472,0.9508113590263692,0.0116163399482305,-0.0973852709868626,0.009672548653361,-0.095326797577008,0.0102112387312776,,,,,-0.095326797577008,0.0102112387312776,,,-0.0973852709868626,0.009672548653361,0.1996056072243219,0.0558919694478887,220.0082,8.862724781916677
chembl_bioactivity,hERG_pchembl5_temporal,smiles_cnn,nn08_removed,256,10,165,0.9927484787018256,0.0036070953193987,0.998311915393062,0.0009256793275737,0.9530172413793104,0.0092182314962524,-0.1067948350982792,0.0051990643565649,-0.1049267320230816,0.0049287704690206,,,,,-0.1049267320230816,0.0049287704690206,,,-0.1067948350982792,0.0051990643565649,0.1731407843356477,0.0465754733660675,217.4286,11.628936298733434
chembl_bioactivity,hERG_pchembl5_temporal,smiles_cnn,scaffold_removed,128,10,165,0.992925963488844,0.0029902744308061,0.9984055893767522,0.0007816252198472,0.9508113590263692,0.0116163399482305,-0.0973852709868626,0.009672548653361,-0.095326797577008,0.0102112387312776,,,,,-0.095326797577008,0.0102112387312776,,,-0.0973852709868626,0.009672548653361,0.1996056072243219,0.0558919694478887,218.2452,8.859233948824242
chembl_bioactivity,hERG_pchembl5_temporal,smiles_cnn,scaffold_removed,256,10,165,0.9927484787018256,0.0036070953193987,0.998311915393062,0.0009256793275737,0.9530172413793104,0.0092182314962524,-0.1067948350982792,0.0051990643565649,-0.1049267320230816,0.0049287704690206,,,,,-0.1049267320230816,0.0049287704690206,,,-0.1067948350982792,0.0051990643565649,0.1731407843356477,0.0465754733660675,219.17400000000004,10.126525850458297
chembl_bioactivity,hERG_pchembl5_temporal,smiles_cnn,standard,128,10,1200,0.8975991659118359,0.009086656357331,0.9843789055967664,0.0016606934576774,0.7995923913043478,0.0120056563434285,-0.0973852709868626,0.009672548653361,-0.095326797577008,0.0102112387312776,,,,,-0.095326797577008,0.0102112387312776,,,-0.0973852709868626,0.009672548653361,0.1996056072243219,0.0558919694478887,218.6045,9.108159289889477
chembl_bioactivity,hERG_pchembl5_temporal,smiles_cnn,standard,256,10,1200,0.887821746678744,0.0058501187309437,0.9822458670816276,0.0012799067570518,0.8016757246376812,0.0162693364023651,-0.1067948350982792,0.0051990643565649,-0.1049267320230816,0.0049287704690206,,,,,-0.1049267320230816,0.0049287704690206,,,-0.1067948350982792,0.0051990643565649,0.1731407843356477,0.0465754733660675,221.6109,9.618315179385627
chembl_bioactivity,hERG_pchembl5_temporal,smiles_cnn,temporal_future,128,10,1146,0.6979935586875137,0.0507901794172564,0.903894192380795,0.0170301125006307,0.5861704470380973,0.0608357010588527,-0.0973852709868626,0.009672548653361,-0.095326797577008,0.0102112387312776,,,,,-0.095326797577008,0.0102112387312776,,,-0.0973852709868626,0.009672548653361,0.1996056072243219,0.0558919694478887,223.1403,6.594955193934224
chembl_bioactivity,hERG_pchembl5_temporal,smiles_cnn,temporal_future,256,10,1146,0.7146809623430962,0.0439074329852551,0.9063775293051332,0.0156717438985225,0.6079096014093813,0.0521040192607462,-0.1067948350982792,0.0051990643565649,-0.1049267320230816,0.0049287704690206,,,,,-0.1049267320230816,0.0049287704690206,,,-0.1067948350982792,0.0051990643565649,0.1731407843356477,0.0465754733660675,225.0045,7.488439093028665
chembl_bioactivity,CYP2D6_pchembl5_temporal,smiles_gru,density_matched_clean,128,10,49,0.7736111111111111,0.1275919542530933,0.9681726179543824,0.0209531264569024,0.5891666666666667,0.0879678848525534,0.0337097351621808,0.126992744652417,0.0081779891304348,0.1033299971763314,,,,,0.0073208462732919,0.1208294673779507,,,0.0337097351621808,0.126992744652417,0.2861898938923395,0.1032052448209033,559.3724,154.3834446553127
chembl_bioactivity,CYP2D6_pchembl5_temporal,smiles_gru,density_matched_clean,256,10,49,0.696111111111111,0.1081137375494603,0.956041651701795,0.0228149757511169,0.4994444444444445,0.0556221822701503,0.107026699447895,0.1045305747531419,0.0654235248447205,0.0907562567268985,,,,,0.0806378105590062,0.1132389373374769,,,0.107026699447895,0.1045305747531419,0.2362422061634018,0.088462766305021,681.2035999999999,27.538137824478987
chembl_bioactivity,CYP2D6_pchembl5_temporal,smiles_gru,exact_removed,128,10,49,0.7736111111111111,0.1275919542530933,0.9681726179543824,0.0209531264569024,0.5891666666666667,0.0879678848525534,0.0337097351621808,0.126992744652417,0.0081779891304348,0.1033299971763314,,,,,0.0073208462732919,0.1208294673779507,,,0.0337097351621808,0.126992744652417,0.2861898938923395,0.1032052448209033,593.9862999999999,74.94774049969752
chembl_bioactivity,CYP2D6_pchembl5_temporal,smiles_gru,exact_removed,256,10,49,0.696111111111111,0.1081137375494603,0.956041651701795,0.0228149757511169,0.4994444444444445,0.0556221822701503,0.107026699447895,0.1045305747531419,0.0654235248447205,0.0907562567268985,,,,,0.0806378105590062,0.1132389373374769,,,0.107026699447895,0.1045305747531419,0.2362422061634018,0.088462766305021,673.5330999999999,26.72311349543686
chembl_bioactivity,CYP2D6_pchembl5_temporal,smiles_gru,nn08_removed,128,10,34,0.7999999999999999,0.1213208555855093,0.9578740172657336,0.0289422396626609,0.6058333333333333,0.0872456621016515,0.0337097351621808,0.126992744652417,0.0081779891304348,0.1033299971763314,,,,,0.0073208462732919,0.1208294673779507,,,0.0337097351621808,0.126992744652417,0.2861898938923395,0.1032052448209033,638.3163,16.72746657476858
chembl_bioactivity,CYP2D6_pchembl5_temporal,smiles_gru,nn08_removed,256,10,34,0.7225,0.1167142760000773,0.9402471339722982,0.0336063061541003,0.5116666666666667,0.0533853912601565,0.107026699447895,0.1045305747531419,0.0654235248447205,0.0907562567268985,,,,,0.0806378105590062,0.1132389373374769,,,0.107026699447895,0.1045305747531419,0.2362422061634018,0.088462766305021,682.5451,26.82780079861188
chembl_bioactivity,CYP2D6_pchembl5_temporal,smiles_gru,scaffold_removed,128,10,40,0.7991428571428572,0.1036953937929624,0.9554163199632544,0.0275541098685073,0.6714285714285714,0.0667006715995928,0.0337097351621808,0.126992744652417,0.0081779891304348,0.1033299971763314,,,,,0.0073208462732919,0.1208294673779507,,,0.0337097351621808,0.126992744652417,0.2861898938923395,0.1032052448209033,598.4207,110.7404028104016
chembl_bioactivity,CYP2D6_pchembl5_temporal,smiles_gru,scaffold_removed,256,10,40,0.7377142857142858,0.0946814207147919,0.939937744606763,0.0309683212408697,0.5942857142857142,0.043892261416392,0.107026699447895,0.1045305747531419,0.0654235248447205,0.0907562567268985,,,,,0.0806378105590062,0.1132389373374769,,,0.107026699447895,0.1045305747531419,0.2362422061634018,0.088462766305021,682.7271000000001,26.30037315495734
chembl_bioactivity,CYP2D6_pchembl5_temporal,smiles_gru,standard,128,10,1200,0.8073208462732918,0.0098804593100074,0.9181819110194752,0.0061751944501309,0.715194099378882,0.0125587452014395,0.0337097351621808,0.126992744652417,0.0081779891304348,0.1033299971763314,,,,,0.0073208462732919,0.1208294673779507,,,0.0337097351621808,0.126992744652417,0.2861898938923395,0.1032052448209033,576.2278,144.7366733325041
chembl_bioactivity,CYP2D6_pchembl5_temporal,smiles_gru,standard,256,10,1200,0.8031378105590061,0.010388859051841,0.9135643927416286,0.0082951545488758,0.708167701863354,0.0091586478376932,0.107026699447895,0.1045305747531419,0.0654235248447205,0.0907562567268985,,,,,0.0806378105590062,0.1132389373374769,,,0.107026699447895,0.1045305747531419,0.2362422061634018,0.088462766305021,679.1396,26.76832370993745
chembl_bioactivity,CYP2D6_pchembl5_temporal,smiles_gru,temporal_future,128,10,281,0.5211309523809524,0.1007656898076373,0.9755715315327568,0.0092853323603817,0.5066163003663003,0.0428331967653533,0.0337097351621808,0.126992744652417,0.0081779891304348,0.1033299971763314,,,,,0.0073208462732919,0.1208294673779507,,,0.0337097351621808,0.126992744652417,0.2861898938923395,0.1032052448209033,713.9623,99.94089562241275
chembl_bioactivity,CYP2D6_pchembl5_temporal,smiles_gru,temporal_future,256,10,281,0.5668956043956044,0.0865905201286272,0.97827453329163,0.0072039326450415,0.5253663003663004,0.0463440087210102,0.107026699447895,0.1045305747531419,0.0654235248447205,0.0907562567268985,,,,,0.0806378105590062,0.1132389373374769,,,0.107026699447895,0.1045305747531419,0.2362422061634018,0.088462766305021,814.3574,31.193268585385525
chembl_bioactivity,CYP3A4_pchembl5_temporal,smiles_cnn,density_matched_clean,128,10,22,0.6394736842105264,0.0748909127666368,0.9364717289617484,0.0173350561731191,0.4605263157894737,0.0176531682434193,0.158325519382948,0.074546640180411,0.0496742035934744,0.0670409170705293,,,,,0.2016453574396282,0.0936900129732569,,,0.158325519382948,0.074546640180411,0.2165492035934743,0.0373048472570517,202.7258,52.57772000724262
chembl_bioactivity,CYP3A4_pchembl5_temporal,smiles_cnn,density_matched_clean,256,10,22,0.680701754385965,0.0428300197043287,0.9470802892181414,0.0087622222058296,0.4657894736842105,0.0264470411082128,0.1155395995051285,0.0432899979341486,0.0124913538910934,0.0249364157083187,,,,,0.1731644308141703,0.1009498116804878,,,0.1155395995051285,0.0432899979341486,0.2307256196253592,0.0224667127952863,210.748,28.697473522942744
chembl_bioactivity,CYP3A4_pchembl5_temporal,smiles_cnn,exact_removed,128,10,22,0.6394736842105264,0.0748909127666368,0.9364717289617484,0.0173350561731191,0.4605263157894737,0.0176531682434193,0.158325519382948,0.074546640180411,0.0496742035934744,0.0670409170705293,,,,,0.2016453574396282,0.0936900129732569,,,0.158325519382948,0.074546640180411,0.2165492035934743,0.0373048472570517,214.6493,14.257541471445908
chembl_bioactivity,CYP3A4_pchembl5_temporal,smiles_cnn,exact_removed,256,10,22,0.680701754385965,0.0428300197043287,0.9470802892181414,0.0087622222058296,0.4657894736842105,0.0264470411082128,0.1155395995051285,0.0432899979341486,0.0124913538910934,0.0249364157083187,,,,,0.1731644308141703,0.1009498116804878,,,0.1155395995051285,0.0432899979341486,0.2307256196253592,0.0224667127952863,218.9641,10.606011016871516
chembl_bioactivity,CYP3A4_pchembl5_temporal,smiles_cnn,nn08_removed,128,10,14,0.5961538461538463,0.0930260509419063,0.9642143753682212,0.0115011509873888,0.4576923076923077,0.0207121723351327,0.158325519382948,0.074546640180411,0.0496742035934744,0.0670409170705293,,,,,0.2016453574396282,0.0936900129732569,,,0.158325519382948,0.074546640180411,0.2165492035934743,0.0373048472570517,212.8593,19.88847293811166
chembl_bioactivity,CYP3A4_pchembl5_temporal,smiles_cnn,nn08_removed,256,10,14,0.6230769230769231,0.1,0.9675879462417922,0.0104813936263681,0.4576923076923077,0.0269230769230769,0.1155395995051285,0.0432899979341486,0.0124913538910934,0.0249364157083187,,,,,0.1731644308141703,0.1009498116804878,,,0.1155395995051285,0.0432899979341486,0.2307256196253592,0.0224667127952863,218.9679,10.365203986897702
chembl_bioactivity,CYP3A4_pchembl5_temporal,smiles_cnn,scaffold_removed,128,10,24,0.7481250000000002,0.0680102244151568,0.9382187284502116,0.0214770460384353,0.6775,0.0505593710403916,0.158325519382948,0.074546640180411,0.0496742035934744,0.0670409170705293,,,,,0.2016453574396282,0.0936900129732569,,,0.158325519382948,0.074546640180411,0.2165492035934743,0.0373048472570517,209.2406,19.440619661934647
chembl_bioactivity,CYP3A4_pchembl5_temporal,smiles_cnn,scaffold_removed,256,10,24,0.78375,0.0237499999999999,0.9500161953890922,0.0065145989213828,0.7,0.0273861278752582,0.1155395995051285,0.0432899979341486,0.0124913538910934,0.0249364157083187,,,,,0.1731644308141703,0.1009498116804878,,,0.1155395995051285,0.0432899979341486,0.2307256196253592,0.0224667127952863,217.0235,10.51816661067887
chembl_bioactivity,CYP3A4_pchembl5_temporal,smiles_cnn,standard,128,10,1200,0.7977992035934743,0.0040749014464994,0.9064417368371464,0.0041451144796519,0.6959077380952381,0.0168807169728225,0.158325519382948,0.074546640180411,0.0496742035934744,0.0670409170705293,,,,,0.2016453574396282,0.0936900129732569,,,0.158325519382948,0.074546640180411,0.2165492035934743,0.0373048472570517,211.9263,18.47447080189308
chembl_bioactivity,CYP3A4_pchembl5_temporal,smiles_cnn,standard,256,10,1200,0.7962413538910935,0.0036653906554371,0.9047981985386404,0.0027558940758268,0.6943287037037037,0.0109502869950229,0.1155395995051285,0.0432899979341486,0.0124913538910934,0.0249364157083187,,,,,0.1731644308141703,0.1009498116804878,,,0.1155395995051285,0.0432899979341486,0.2307256196253592,0.0224667127952863,220.7236,10.10616556563369
chembl_bioactivity,CYP3A4_pchembl5_temporal,smiles_cnn,temporal_future,128,10,115,0.58125,0.0367410869187221,0.921106098786556,0.0079387008988059,0.5245629370629371,0.0438993985830205,0.158325519382948,0.074546640180411,0.0496742035934744,0.0670409170705293,,,,,0.2016453574396282,0.0936900129732569,,,0.158325519382948,0.074546640180411,0.2165492035934743,0.0373048472570517,261.6866,27.2944592882878
chembl_bioactivity,CYP3A4_pchembl5_temporal,smiles_cnn,temporal_future,256,10,115,0.5655157342657342,0.0233977307180245,0.9212020270461002,0.0104386280733545,0.5003933566433567,0.0383662848210346,0.1155395995051285,0.0432899979341486,0.0124913538910934,0.0249364157083187,,,,,0.1731644308141703,0.1009498116804878,,,0.1155395995051285,0.0432899979341486,0.2307256196253592,0.0224667127952863,248.8239,62.68034336289168
chembl_bioactivity,CYP3A4_pchembl5_temporal,smiles_gru,density_matched_clean,128,10,22,0.7508771929824561,0.0542442976622466,0.9556543055689624,0.0125505646865974,0.5921052631578947,0.1326999035005029,0.0051280635761858,0.0511694932770563,0.0078802565586419,0.058763742366746,,,,,0.1444667950201804,0.1360636997481812,,,0.0051280635761858,0.0511694932770563,0.127596165649551,0.0817411271783015,671.5411999999999,234.85302436494192
chembl_bioactivity,CYP3A4_pchembl5_temporal,smiles_gru,density_matched_clean,256,10,22,0.7991228070175439,0.089752746785575,0.960288220596596,0.0217596294945584,0.6271929824561404,0.14463047659973,-0.0309165473724821,0.0899807886072601,0.0107062596450617,0.0445590756548321,,,,,0.1758985673373693,0.1767997955444404,,,-0.0309165473724821,0.0899807886072601,0.1734947211835232,0.0960475696294517,778.6097,10.94894303620216
chembl_bioactivity,CYP3A4_pchembl5_temporal,smiles_gru,exact_removed,128,10,22,0.7508771929824561,0.0542442976622466,0.9556543055689624,0.0125505646865974,0.5921052631578947,0.1326999035005029,0.0051280635761858,0.0511694932770563,0.0078802565586419,0.058763742366746,,,,,0.1444667950201804,0.1360636997481812,,,0.0051280635761858,0.0511694932770563,0.127596165649551,0.0817411271783015,664.8417000000001,215.2809341920692
chembl_bioactivity,CYP3A4_pchembl5_temporal,smiles_gru,exact_removed,256,10,22,0.7991228070175439,0.089752746785575,0.960288220596596,0.0217596294945584,0.6271929824561404,0.14463047659973,-0.0309165473724821,0.0899807886072601,0.0107062596450617,0.0445590756548321,,,,,0.1758985673373693,0.1767997955444404,,,-0.0309165473724821,0.0899807886072601,0.1734947211835232,0.0960475696294517,779.8554999999999,10.227723893907164
chembl_bioactivity,CYP3A4_pchembl5_temporal,smiles_gru,nn08_removed,128,10,14,0.6115384615384616,0.1359276695928638,0.9646326536711152,0.0148399984652788,0.4461538461538462,0.0188422287906398,0.0051280635761858,0.0511694932770563,0.0078802565586419,0.058763742366746,,,,,0.1444667950201804,0.1360636997481812,,,0.0051280635761858,0.0511694932770563,0.127596165649551,0.0817411271783015,628.1791999999999,234.68309190642603
chembl_bioactivity,CYP3A4_pchembl5_temporal,smiles_gru,nn08_removed,256,10,14,0.5923076923076923,0.1747356414092392,0.95934571838418,0.0268672709311907,0.4653846153846154,0.0207121723351327,-0.0309165473724821,0.0899807886072601,0.0107062596450617,0.0445590756548321,,,,,0.1758985673373693,0.1767997955444404,,,-0.0309165473724821,0.0899807886072601,0.1734947211835232,0.0960475696294517,780.5726999999999,5.312674656893643
chembl_bioactivity,CYP3A4_pchembl5_temporal,smiles_gru,scaffold_removed,128,10,24,0.7481250000000002,0.058098112060548,0.9399889150648338,0.0170157031093233,0.675,0.0651920240520264,0.0051280635761858,0.0511694932770563,0.0078802565586419,0.058763742366746,,,,,0.1444667950201804,0.1360636997481812,,,0.0051280635761858,0.0511694932770563,0.127596165649551,0.0817411271783015,637.9293,209.22780210959056
chembl_bioactivity,CYP3A4_pchembl5_temporal,smiles_gru,scaffold_removed,256,10,24,0.7575000000000001,0.0441764926176807,0.939425859056664,0.0185583256672113,0.6925,0.0274999999999999,-0.0309165473724821,0.0899807886072601,0.0107062596450617,0.0445590756548321,,,,,0.1758985673373693,0.1767997955444404,,,-0.0309165473724821,0.0899807886072601,0.1734947211835232,0.0960475696294517,779.4999,9.44373879827264
chembl_bioactivity,CYP3A4_pchembl5_temporal,smiles_gru,standard,128,10,1200,0.756005256558642,0.0048920163934769,0.8754465318345455,0.0054681386950053,0.6743386243386242,0.0044699161045598,0.0051280635761858,0.0511694932770563,0.0078802565586419,0.058763742366746,,,,,0.1444667950201804,0.1360636997481812,,,0.0051280635761858,0.0511694932770563,0.127596165649551,0.0817411271783015,681.1687,223.63413913401047
chembl_bioactivity,CYP3A4_pchembl5_temporal,smiles_gru,standard,256,10,1200,0.7682062596450617,0.0102121456788498,0.8806062688608021,0.0061748965842139,0.6791335978835977,0.0091863984208068,-0.0309165473724821,0.0899807886072601,0.0107062596450617,0.0445590756548321,,,,,0.1758985673373693,0.1767997955444404,,,-0.0309165473724821,0.0899807886072601,0.1734947211835232,0.0960475696294517,778.6162,13.1730526211657
chembl_bioactivity,CYP3A4_pchembl5_temporal,smiles_gru,temporal_future,128,10,115,0.628409090909091,0.0792330856690489,0.9404067663190616,0.0169961272103821,0.5859702797202797,0.0562345801262935,0.0051280635761858,0.0511694932770563,0.0078802565586419,0.058763742366746,,,,,0.1444667950201804,0.1360636997481812,,,0.0051280635761858,0.0511694932770563,0.127596165649551,0.0817411271783015,816.0938,285.92212846325833
chembl_bioactivity,CYP3A4_pchembl5_temporal,smiles_gru,temporal_future,256,10,115,0.5947115384615385,0.0898663575880761,0.933996621405309,0.0208653709564419,0.553277972027972,0.0692014185372744,-0.0309165473724821,0.0899807886072601,0.0107062596450617,0.0445590756548321,,,,,0.1758985673373693,0.1767997955444404,,,-0.0309165473724821,0.0899807886072601,0.1734947211835232,0.0960475696294517,948.7092,10.997398963391296
chembl_bioactivity,hERG_pchembl5_temporal,smiles_gru,density_matched_clean,256,10,224,0.9880942275042444,0.0052691684299529,0.9972390924374196,0.0013337969952951,0.9464912280701754,0.0174061493741649,-0.0904620377397517,0.00689077622609,-0.0868759238257709,0.0064216781973461,,,,,-0.0868759238257709,0.0064216781973461,,,-0.0904620377397517,0.00689077622609,0.2833258695707029,0.0533081176915851,611.6652,2.7207549981576946
chembl_bioactivity,hERG_pchembl5_temporal,smiles_gru,exact_removed,256,10,224,0.9880942275042444,0.0052691684299529,0.9972390924374196,0.0013337969952951,0.9464912280701754,0.0174061493741649,-0.0904620377397517,0.00689077622609,-0.0868759238257709,0.0064216781973461,,,,,-0.0868759238257709,0.0064216781973461,,,-0.0904620377397517,0.00689077622609,0.2833258695707029,0.0533081176915851,606.4801000000001,20.06331936868873
chembl_bioactivity,hERG_pchembl5_temporal,smiles_gru,nn08_removed,256,10,165,0.9845081135902636,0.007210313203528,0.9962420388732024,0.0019065648212275,0.939642494929006,0.0211087887948059,-0.0904620377397517,0.00689077622609,-0.0868759238257709,0.0064216781973461,,,,,-0.0868759238257709,0.0064216781973461,,,-0.0904620377397517,0.00689077622609,0.2833258695707029,0.0533081176915851,610.8480999999999,2.702422781505518
chembl_bioactivity,hERG_pchembl5_temporal,smiles_gru,scaffold_removed,256,10,165,0.9845081135902636,0.007210313203528,0.9962420388732024,0.0019065648212275,0.939642494929006,0.0211087887948059,-0.0904620377397517,0.00689077622609,-0.0868759238257709,0.0064216781973461,,,,,-0.0868759238257709,0.0064216781973461,,,-0.0904620377397517,0.00689077622609,0.2833258695707029,0.0533081176915851,603.4894,18.49002010923732
chembl_bioactivity,hERG_pchembl5_temporal,smiles_gru,standard,256,10,1200,0.897632189764493,0.009045071728046,0.9846122333957096,0.0017429242849501,0.8059329710144928,0.0140288935704108,-0.0904620377397517,0.00689077622609,-0.0868759238257709,0.0064216781973461,,,,,-0.0868759238257709,0.0064216781973461,,,-0.0904620377397517,0.00689077622609,0.2833258695707029,0.0533081176915851,600.0901,32.22485506080671
chembl_bioactivity,hERG_pchembl5_temporal,smiles_gru,temporal_future,256,10,1146,0.6143063201937898,0.0554690487719501,0.8807434024546514,0.0201494592813795,0.5288548777802247,0.0365290945989746,-0.0904620377397517,0.00689077622609,-0.0868759238257709,0.0064216781973461,,,,,-0.0868759238257709,0.0064216781973461,,,-0.0904620377397517,0.00689077622609,0.2833258695707029,0.0533081176915851,620.9662,4.030797906122301
chembl_bioactivity,CYP2C9_pchembl5_temporal,smiles_gru,scaffold_removed,128,10,38,0.8480952380952381,0.1073373895375873,0.9797962812597166,0.0197105005569062,0.6633333333333333,0.0945223101716277,,,-0.0382081277148736,0.1028400673121536,,,,,,,,,,,0.0103475155369021,0.1212408140364275,677.7165,42.28700109312552
chembl_bioactivity,CYP2C9_pchembl5_temporal,smiles_gru,scaffold_removed,256,10,38,0.7642857142857143,0.0851369445054723,0.9689501003624686,0.0174273602116514,0.5800000000000001,0.0835927933618731,,,0.0512319069188356,0.0831183362948591,,,,,,,,,,,0.1022579526962626,0.1310374117851435,627.8432999999999,147.38925209122272
chembl_bioactivity,CYP2C9_pchembl5_temporal,smiles_gru,standard,128,10,1200,0.8098871103803644,0.0132652606036745,0.9500383331756944,0.0060817050105367,0.6697898028595838,0.0101130799182742,,,-0.0382081277148736,0.1028400673121536,,,,,,,,,,,0.0103475155369021,0.1212408140364275,674.3838,32.0375516942228
chembl_bioactivity,CYP2C9_pchembl5_temporal,smiles_gru,standard,256,10,1200,0.8155176212045501,0.0106441839131835,0.9536471908995288,0.0056102448159329,0.6826587359156633,0.0125703008805948,,,0.0512319069188356,0.0831183362948591,,,,,,,,,,,0.1022579526962626,0.1310374117851435,670.3805,19.809049357553725
chembl_bioactivity,CYP2C9_pchembl5_temporal,smiles_gru,temporal_future,128,10,184,0.7995395948434623,0.1153419583330465,0.995311190727225,0.0037441801620738,0.5546040515653775,0.0848476114880794,,,-0.0382081277148736,0.1028400673121536,,,,,,,,,,,0.0103475155369021,0.1212408140364275,811.4187,42.09293770230348
chembl_bioactivity,CYP2C9_pchembl5_temporal,smiles_gru,temporal_future,256,10,184,0.7132596685082871,0.1298415681755813,0.9926164365305552,0.0052344631479028,0.5243093922651934,0.1035788410927512,,,0.0512319069188356,0.0831183362948591,,,,,,,,,,,0.1022579526962626,0.1310374117851435,813.1141,14.885721732250673
chembl_bioactivity,CYP2D6_pchembl5_temporal,smiles_gru,density_matched_clean,256,10,49,0.696111111111111,0.1081137375494603,0.956041651701795,0.0228149757511169,0.4994444444444445,0.0556221822701503,0.107026699447895,0.1045305747531419,0.0654235248447205,0.0907562567268985,,,,,0.0806378105590062,0.1132389373374769,,,0.107026699447895,0.1045305747531419,0.2362422061634018,0.088462766305021,633.8833,4.442916813310812
chembl_bioactivity,CYP2D6_pchembl5_temporal,smiles_gru,exact_removed,256,10,49,0.696111111111111,0.1081137375494603,0.956041651701795,0.0228149757511169,0.4994444444444445,0.0556221822701503,0.107026699447895,0.1045305747531419,0.0654235248447205,0.0907562567268985,,,,,0.0806378105590062,0.1132389373374769,,,0.107026699447895,0.1045305747531419,0.2362422061634018,0.088462766305021,630.3664000000001,13.016468454999616
chembl_bioactivity,CYP2D6_pchembl5_temporal,smiles_gru,nn08_removed,256,10,34,0.7225,0.1167142760000773,0.9402471339722982,0.0336063061541003,0.5116666666666667,0.0533853912601565,0.107026699447895,0.1045305747531419,0.0654235248447205,0.0907562567268985,,,,,0.0806378105590062,0.1132389373374769,,,0.107026699447895,0.1045305747531419,0.2362422061634018,0.088462766305021,629.1465999999999,16.573556517537202
chembl_bioactivity,CYP2D6_pchembl5_temporal,smiles_gru,scaffold_removed,256,10,40,0.7377142857142858,0.0946814207147919,0.939937744606763,0.0309683212408697,0.5942857142857142,0.043892261416392,0.107026699447895,0.1045305747531419,0.0654235248447205,0.0907562567268985,,,,,0.0806378105590062,0.1132389373374769,,,0.107026699447895,0.1045305747531419,0.2362422061634018,0.088462766305021,627.0199999999999,19.02704247117769
chembl_bioactivity,CYP2D6_pchembl5_temporal,smiles_gru,standard,256,10,1200,0.8031378105590061,0.010388859051841,0.9135643927416286,0.0082951545488758,0.708167701863354,0.0091586478376932,0.107026699447895,0.1045305747531419,0.0654235248447205,0.0907562567268985,,,,,0.0806378105590062,0.1132389373374769,,,0.107026699447895,0.1045305747531419,0.2362422061634018,0.088462766305021,625.0899999999999,20.18338226363459
chembl_bioactivity,CYP2D6_pchembl5_temporal,smiles_gru,temporal_future,256,10,281,0.5668956043956044,0.0865905201286272,0.97827453329163,0.0072039326450415,0.5253663003663004,0.0463440087210102,0.107026699447895,0.1045305747531419,0.0654235248447205,0.0907562567268985,,,,,0.0806378105590062,0.1132389373374769,,,0.107026699447895,0.1045305747531419,0.2362422061634018,0.088462766305021,757.3006,1.6964719980005596
chembl_bioactivity,CYP3A4_pchembl5_temporal,smiles_gru,density_matched_clean,256,10,22,0.7991228070175439,0.089752746785575,0.960288220596596,0.0217596294945584,0.6271929824561404,0.14463047659973,-0.0309165473724821,0.0899807886072601,0.0107062596450617,0.0445590756548321,,,,,0.1758985673373693,0.1767997955444404,,,-0.0309165473724821,0.0899807886072601,0.1734947211835232,0.0960475696294517,722.4973,2.6036033895353485
chembl_bioactivity,CYP3A4_pchembl5_temporal,smiles_gru,exact_removed,256,10,22,0.7991228070175439,0.089752746785575,0.960288220596596,0.0217596294945584,0.6271929824561404,0.14463047659973,-0.0309165473724821,0.0899807886072601,0.0107062596450617,0.0445590756548321,,,,,0.1758985673373693,0.1767997955444404,,,-0.0309165473724821,0.0899807886072601,0.1734947211835232,0.0960475696294517,713.1786,19.28142958496593
chembl_bioactivity,CYP3A4_pchembl5_temporal,smiles_gru,nn08_removed,256,10,14,0.5923076923076923,0.1747356414092392,0.95934571838418,0.0268672709311907,0.4653846153846154,0.0207121723351327,-0.0309165473724821,0.0899807886072601,0.0107062596450617,0.0445590756548321,,,,,0.1758985673373693,0.1767997955444404,,,-0.0309165473724821,0.0899807886072601,0.1734947211835232,0.0960475696294517,718.7911999999999,9.657788026251154
chembl_bioactivity,CYP3A4_pchembl5_temporal,smiles_gru,scaffold_removed,256,10,24,0.7575000000000001,0.0441764926176807,0.939425859056664,0.0185583256672113,0.6925,0.0274999999999999,-0.0309165473724821,0.0899807886072601,0.0107062596450617,0.0445590756548321,,,,,0.1758985673373693,0.1767997955444404,,,-0.0309165473724821,0.0899807886072601,0.1734947211835232,0.0960475696294517,720.6395000000001,2.9403064551165405
chembl_bioactivity,CYP3A4_pchembl5_temporal,smiles_gru,standard,256,10,1200,0.7682062596450617,0.0102121456788498,0.8806062688608021,0.0061748965842139,0.6791335978835977,0.0091863984208068,-0.0309165473724821,0.0899807886072601,0.0107062596450617,0.0445590756548321,,,,,0.1758985673373693,0.1767997955444404,,,-0.0309165473724821,0.0899807886072601,0.1734947211835232,0.0960475696294517,716.4678000000001,17.444699583541137
chembl_bioactivity,CYP3A4_pchembl5_temporal,smiles_gru,temporal_future,256,10,115,0.5947115384615385,0.0898663575880761,0.933996621405309,0.0208653709564419,0.553277972027972,0.0692014185372744,-0.0309165473724821,0.0899807886072601,0.0107062596450617,0.0445590756548321,,,,,0.1758985673373693,0.1767997955444404,,,-0.0309165473724821,0.0899807886072601,0.1734947211835232,0.0960475696294517,880.4254999999999,3.918435331863976
chembl_bioactivity,CYP2C9_pchembl5_temporal,smiles_cnn,scaffold_removed,128,10,38,0.839047619047619,0.0409523809523809,0.98501568232738,0.0046238141224835,0.578095238095238,0.1046362883251652,,,-0.0022915971037253,0.0407622451856928,,,,,,,,,,,0.1189843829015363,0.0787369425287816,215.3803,5.971817412647511
chembl_bioactivity,CYP2C9_pchembl5_temporal,smiles_cnn,scaffold_removed,256,10,38,0.8214285714285715,0.0600170043931429,0.9808892048667266,0.0125245280510198,0.5447619047619048,0.079716049363206,,,0.0084624613421943,0.0613699655277668,,,,,,,,,,,0.1367971101188321,0.1027584757319211,219.4713,1.5884282199709248
chembl_bioactivity,CYP2C9_pchembl5_temporal,smiles_cnn,standard,128,10,1200,0.8367560219438938,0.0045032129134404,0.9621971455754202,0.0014022222705555,0.6982389541725099,0.0151909352334384,,,-0.0022915971037253,0.0407622451856928,,,,,,,,,,,0.1189843829015363,0.0787369425287816,213.5495,8.097176807381693
chembl_bioactivity,CYP2C9_pchembl5_temporal,smiles_cnn,standard,256,10,1200,0.8298910327707658,0.0065396453476528,0.9576406286692029,0.0033278637586418,0.6919314280187631,0.0152425484614055,,,0.0084624613421943,0.0613699655277668,,,,,,,,,,,0.1367971101188321,0.1027584757319211,210.8026,16.35192895165582
chembl_bioactivity,CYP2C9_pchembl5_temporal,smiles_cnn,temporal_future,128,10,184,0.7177716390423574,0.0777910340394083,0.993500665022873,0.0024361276246459,0.613720073664825,0.0620140281202769,,,-0.0022915971037253,0.0407622451856928,,,,,,,,,,,0.1189843829015363,0.0787369425287816,259.7796,9.12985003381764
chembl_bioactivity,CYP2C9_pchembl5_temporal,smiles_cnn,temporal_future,256,10,184,0.6930939226519337,0.1044712360074405,0.9921032845381672,0.0048209385492466,0.6184162062615102,0.0642883884533862,,,0.0084624613421943,0.0613699655277668,,,,,,,,,,,0.1367971101188321,0.1027584757319211,254.7263,23.214443004517683
chembl_bioactivity,CYP2C9_pchembl5_temporal,smiles_gru,scaffold_removed,128,10,38,0.8480952380952381,0.1073373895375873,0.9797962812597166,0.0197105005569062,0.6633333333333333,0.0945223101716277,,,-0.0382081277148736,0.1028400673121536,,,,,,,,,,,0.0103475155369021,0.1212408140364275,514.5545999999999,191.1204890063857
chembl_bioactivity,CYP2C9_pchembl5_temporal,smiles_gru,scaffold_removed,256,10,38,0.7642857142857143,0.0851369445054723,0.9689501003624686,0.0174273602116514,0.5800000000000001,0.0835927933618731,,,0.0512319069188356,0.0831183362948591,,,,,,,,,,,0.1022579526962626,0.1310374117851435,624.6237,31.568452838395483
chembl_bioactivity,CYP2C9_pchembl5_temporal,smiles_gru,standard,128,10,1200,0.8098871103803644,0.0132652606036745,0.9500383331756944,0.0060817050105367,0.6697898028595838,0.0101130799182742,,,-0.0382081277148736,0.1028400673121536,,,,,,,,,,,0.0103475155369021,0.1212408140364275,455.9511,219.4411345083004
chembl_bioactivity,CYP2C9_pchembl5_temporal,smiles_gru,standard,256,10,1200,0.8155176212045501,0.0106441839131835,0.9536471908995288,0.0056102448159329,0.6826587359156633,0.0125703008805948,,,0.0512319069188356,0.0831183362948591,,,,,,,,,,,0.1022579526962626,0.1310374117851435,585.4282999999999,147.3506468503277
chembl_bioactivity,CYP2C9_pchembl5_temporal,smiles_gru,temporal_future,128,10,184,0.7995395948434623,0.1153419583330465,0.995311190727225,0.0037441801620738,0.5546040515653775,0.0848476114880794,,,-0.0382081277148736,0.1028400673121536,,,,,,,,,,,0.0103475155369021,0.1212408140364275,642.3077999999999,204.9406793776189
chembl_bioactivity,CYP2C9_pchembl5_temporal,smiles_gru,temporal_future,256,10,184,0.7132596685082871,0.1298415681755813,0.9926164365305552,0.0052344631479028,0.5243093922651934,0.1035788410927512,,,0.0512319069188356,0.0831183362948591,,,,,,,,,,,0.1022579526962626,0.1310374117851435,731.1477,116.11768338289392
